instance_id,task_id,window,question,gold_pair_count,initial_exact,initial_f1,initial_cost,initial_attempt_f1,sh_rlm_exact,sh_rlm_f1,sh_rlm_cost,sh_rlm_attempt_f1,f1_delta
oolong-t12-w9-7fd1c6c04d9c0437,12,9,"In the above data, list all pairs of user IDs (no duplicate pairs, list lower ID first) such that one user has at least two instances with numeric value, and the other user has at least one instance with location and at least one instance with human being. Each of the questions can be labelled as one of the labels (the data does not provide the labels, you need to figure out the label from the semantics of the question): description and abstract concept, entity, human being, numeric value, location, abbreviation. In your answer, list all pairs in the format (user_id_1, user_id_2), separated by newlines.",29,1,0.677,0.08867511,"[1.0, 0.906, 0.125]",1,0.645,0.69868704,"[1.0, 0.0, 0.935]",-0.03200000000000003
oolong-t11-w10-68f90f0d94d504da,11,10,"In the above data, list all pairs of user IDs (no duplicate pairs, list lower ID first) such that one user has at least one instance with entity and one with abbreviation, and the other user has exactly one instance with entity. Each of the questions can be labelled as one of the labels (the data does not provide the labels, you need to figure out the label from the semantics of the question): description and abstract concept, entity, human being, numeric value, location, abbreviation. In your answer, list all pairs in the format (user_id_1, user_id_2), separated by newlines.",42,0,0.5076666666666667,0.22429561,"[0.511, 0.381, 0.631]",0,0.6076666666666667,0.54450138,"[0.914, 0.0, 0.909]",0.09999999999999998
oolong-t20-w9-d123b419c88623ed,20,9,"In the above data, list all pairs of user IDs (no duplicate pairs, list lower ID first) such that one user has at least one instance with numeric value and at least one instance with human being, and the other user has at least one instance with location, at least one instance with entity, and exactly one instance with abbreviation. Each of the questions can be labelled as one of the labels (the data does not provide the labels, you need to figure out the label from the semantics of the question): description and abstract concept, entity, human being, numeric value, location, abbreviation. In your answer, list all pairs in the format (user_id_1, user_id_2), separated by newlines.",21,0,0.8773333333333332,0.22818947,"[0.95, 0.955, 0.727]",0,0.7473333333333333,0.8757319,"[0.645, 0.647, 0.95]",-0.1299999999999999
oolong-t06-w10-9b441d42b516682e,6,10,"In the above data, list all pairs of user IDs (no duplicate pairs, list lower ID first) where both users have at least one instance with a location or abbreviation. Each of the questions can be labelled as one of the labels (the data does not provide the labels, you need to figure out the label from the semantics of the question): description and abstract concept, entity, human being, numeric value, location, abbreviation. In your answer, list all pairs in the format (user_id_1, user_id_2), separated by newlines.",903,2,0.984,0.17156619,"[1.0, 1.0, 0.952]",2,0.992,0.5813759700000001,"[1.0, 0.976, 1.0]",0.008000000000000007
oolong-t12-w10-5787f2c8d5f82235,12,10,"In the above data, list all pairs of user IDs (no duplicate pairs, list lower ID first) such that one user has at least two instances with numeric value, and the other user has at least one instance with location and at least one instance with human being. Each of the questions can be labelled as one of the labels (the data does not provide the labels, you need to figure out the label from the semantics of the question): description and abstract concept, entity, human being, numeric value, location, abbreviation. In your answer, list all pairs in the format (user_id_1, user_id_2), separated by newlines.",0,1,0.3333333333333333,0.31236746,"[0.0, 0.0, 1.0]",1,0.3333333333333333,0.26552214,"[0.0, 0.0, 1.0]",0.0
oolong-t13-w10-a393091893c98516,13,10,"In the above data, list all pairs of user IDs (no duplicate pairs, list lower ID first) such that one user has exactly one instance with description and abstract concept, and the other user has at least one instance with abbreviation and at least one instance with entity. Each of the questions can be labelled as one of the labels (the data does not provide the labels, you need to figure out the label from the semantics of the question): description and abstract concept, entity, human being, numeric value, location, abbreviation. In your answer, list all pairs in the format (user_id_1, user_id_2), separated by newlines.",37,0,0.6693333333333333,0.19195052,"[0.45, 0.868, 0.69]",0,0.8833333333333333,0.45163235,"[0.943, 0.828, 0.879]",0.21399999999999997
oolong-t17-w9-cc7785997a8db97f,17,9,"In the above data, list all pairs of user IDs (no duplicate pairs, list lower ID first) such that one user has exactly one instance with numeric value, and the other user has at least one instance with location and at least one instance with description and abstract concept. Each of the questions can be labelled as one of the labels (the data does not provide the labels, you need to figure out the label from the semantics of the question): description and abstract concept, entity, human being, numeric value, location, abbreviation. In your answer, list all pairs in the format (user_id_1, user_id_2), separated by newlines.",116,1,0.9646666666666667,0.16327473999999997,"[1.0, 0.931, 0.963]",0,0.7966666666666667,0.8200885499999999,"[0.518, 0.978, 0.894]",-0.16799999999999993
oolong-t03-w9-39ef914e8722333f,3,9,"In the above data, list all pairs of user IDs (no duplicate pairs, list lower ID first) where both users have at least one instance with a description and abstract concept or abbreviation. Each of the questions can be labelled as one of the labels (the data does not provide the labels, you need to figure out the label from the semantics of the question): description and abstract concept, entity, human being, numeric value, location, abbreviation. In your answer, list all pairs in the format (user_id_1, user_id_2), separated by newlines.",406,0,0.9209999999999999,0.47650409,"[0.932, 0.9, 0.931]",0,0.9093333333333334,0.21790549,"[0.865, 0.932, 0.931]",-0.011666666666666492
oolong-t07-w10-9a0d3e39673a7350,7,10,"In the above data, list all pairs of user IDs (no duplicate pairs, list lower ID first) where both users have at least one instance with a description and abstract concept or numeric value, and all instances that are a numeric value for both users must be after February 1, 2023. Each of the questions can be labelled as one of the labels (the data does not provide the labels, you need to figure out the label from the semantics of the question): description and abstract concept, entity, human being, numeric value, location, abbreviation. In your answer, list all pairs in the format (user_id_1, user_id_2), separated by newlines.",120,2,0.9583333333333334,0.18645159,"[1.0, 0.875, 1.0]",2,0.9793333333333333,0.28446391,"[0.938, 1.0, 1.0]",0.020999999999999908
oolong-t05-w10-d04805539072461c,5,10,"In the above data, list all pairs of user IDs (no duplicate pairs, list lower ID first) where both users have at least one instance with an entity or numeric value, and all instances that are an entity for both users must be before March 15, 2023. Each of the questions can be labelled as one of the labels (the data does not provide the labels, you need to figure out the label from the semantics of the question): description and abstract concept, entity, human being, numeric value, location, abbreviation. In your answer, list all pairs in the format (user_id_1, user_id_2), separated by newlines.",300,1,0.9733333333333333,0.36016307000000003,"[0.96, 0.96, 1.0]",1,0.9336666666666668,0.34204831,"[1.0, 0.958, 0.843]",-0.03966666666666652
